Nistkasten-nummer,Nummer-fremd,Ort,Ort detailliert,UTM-Hoch,UTM-Rechts,Aufhäng-Datum,Eigentümer,Material,Loch,Bemerkungen,Daten aktualisiert
900001,,Bergstrup,NABU-Biotop Beobachtungshütte,5845536,452444,01-01-1999,NABU Vechta,Holz unbeschichtet,mittel,,
900002,,Bergstrup,NABU-Biotop Beobachtungshütte,5845493,452513,01-01-1999,NABU Vechta,Holz unbeschichtet,mittel,,
900003,,Bergstrup,NABU-Biotop Beobachtungshütte,5845534,452440,01-01-1999,NABU Vechta,Holz unbeschichtet,mittel,,
900004,,Bergstrup,NABU-Biotop Beobachtungshütte,5845531,452454,01-01-1999,NABU Vechta,Holzbeton,Sonstiges,Mehlschwalbe,
900005,,Bergstrup,NABU-Biotop Beobachtungshütte,5845526,452449,01-01-1999,NABU Vechta,Holzbeton,Sonstiges,Mehlschwalbe,
900006,,Bergstrup,NABU-Biotop Beobachtungshütte,5845521,452455,01-01-1999,NABU Vechta,Holzbeton,Sonstiges,Mehlschwalbe,
900007,,Bergstrup,NABU-Biotop Beobachtungshütte,5845519,452460,01-01-1999,NABU Vechta,Holzbeton,Sonstiges,Mehlschwalbe,
900008,,Bergstrup,NABU-Biotop Beobachtungshütte,5845521,452453,01-01-1999,NABU Vechta,Holzbeton,Sonstiges,Mehlschwalbe,
900009,,Bergstrup,NABU-Biotop Beobachtungshütte,5845521,452453,01-01-1999,NABU Vechta,Holzbeton,Sonstiges,Mehlschwalbe,
900010,,Bergstrup,NABU-Biotop Beobachtungshütte,5845526,452457,01-01-1999,NABU Vechta,Holzbeton,Sonstiges,Mehlschwalbe,
900011,,Bergstrup,NABU-Biotop Beobachtungshütte,5845525,452458,01-01-1999,NABU Vechta,Holzbeton,Sonstiges,Mehlschwalbe,
900012,,Bergstrup,NABU-Biotop Teich,5845515,452474,01-01-1999,NABU Vechta,Holz beschichtet,mittel,,
900013,,Bergstrup,NABU-Biotop Teich,5845506,452490,01-01-1999,NABU Vechta,Holz beschichtet,Halbhöhle,,
900014,,Bergstrup,NABU-Biotop Teich,5845513,452521,01-01-1999,NABU Vechta,Holz unbeschichtet,mittel,,
900015,,Bergstrup,NABU-Biotop Teich,5845508,452526,01-01-1999,NABU Vechta,Holz unbeschichtet,mittel,,
900016,,Bergstrup,NABU-Biotop Teich,5845531,452403,01-01-1999,NABU Vechta,Holz beschichtet,Sonstiges,Baumläufer,
900017,15,Bergstrup,NABU-Biotop Streuobstwiese,5845483,452382,01-01-1999,NABU Vechta,Holz unbeschichtet,groß,,
900018,19,Bergstrup,NABU-Biotop Streuobstwiese,5845510,452396,01-01-1999,NABU Vechta,Holz unbeschichtet,mittel,zwei oval,
900019,,Bergstrup,NABU-Biotop Streuobstwiese,5845491,452409,01-01-1999,NABU Vechta,Holz beschichtet,mittel,,
900020,,Bergstrup,NABU-Biotop Streuobstwiese,5845478,452398,01-01-1999,NABU Vechta,Holz unbeschichtet,mittel,,
900021,,Bergstrup,NABU-Biotop Streuobstwiese,5845453,452421,01-01-1999,NABU Vechta,Holz unbeschichtet,mittel,,
900022,,Bergstrup,NABU-Biotop Streuobstwiese,5845463,452425,01-01-1999,NABU Vechta,Holz unbeschichtet,mittel,,
900023,,Bergstrup,NABU-Biotop Wald,5845418,452365,01-01-1999,NABU Vechta,Holz beschichtet,mittel,,
900024,,Bergstrup,NABU-Biotop Wald,5845414,452374,01-01-1999,NABU Vechta,Holz beschichtet,Halbhöhle,,
900025,,Bergstrup,NABU-Biotop Wald,5845409,452369,01-01-1999,NABU Vechta,Holz beschichtet,mittel,,
900026,,Holzhausen,Thesings Kreuz,5844521,453733,01-01-1999,unbekannt,Holz unbeschichtet,groß,,
900027,,Holzhausen,Thesings Kreuz,5844536,453762,01-01-1999,unbekannt,Holz beschichtet,mittel,,
900028,31,Vechta,Füchteler Wald,5841880,453462,01-01-1999,NABU Vechta,Holz unbeschichtet,mittel,,
900029,30,Vechta,Füchteler Wald,5841869,453469,01-01-1999,NABU Vechta,Holz unbeschichtet,Halbhöhle,,
900030,29,Vechta,Füchteler Wald,5841829,453498,01-01-1999,NABU Vechta,Holz beschichtet,klein,,
900031,28,Vechta,Füchteler Wald,5841816,453514,01-01-1999,NABU Vechta,Holz unbeschichtet,mittel,oval,
900032,26,Vechta,Füchteler Wald,5841818,453527,01-01-1999,NABU Vechta,Holz unbeschichtet,Sonstiges,Baumläufer,
900033,27,Vechta,Füchteler Wald,5841798,453521,01-01-1999,NABU Vechta,Holz unbeschichtet,mittel,,
900034,24,Vechta,Füchteler Wald,5841756,453573,01-01-1999,NABU Vechta,Holz unbeschichtet,Halbhöhle,,
900035,25,Vechta,Füchteler Wald,5841741,453581,01-01-1999,NABU Vechta,Holz unbeschichtet,mittel,,
900036,23,Vechta,Füchteler Wald,5841734,453600,01-01-1999,NABU Vechta,Holz unbeschichtet,Halbhöhle,,
900037,22,Vechta,Füchteler Wald,5841706,453626,01-01-1999,NABU Vechta,Holz unbeschichtet,mittel,,
900038,21,Vechta,Füchteler Wald,5841726,453637,01-01-1999,NABU Vechta,Holz beschichtet,Sonstiges,Baumläufer,
900039,44,Vechta,Füchteler Wald,5841662,453627,01-01-1999,NABU Vechta,Holz beschichtet,Sonstiges,Baumläufer,
900040,42,Vechta,Füchteler Wald,5841642,453632,01-01-1999,NABU Vechta,Holz beschichtet,Sonstiges,Baumläufer,
900041,43,Vechta,Füchteler Wald,5841647,453629,01-01-1999,NABU Vechta,Holz unbeschichtet,mittel,,
900042,41,Vechta,Füchteler Wald,5841619,453607,01-01-1999,NABU Vechta,Holz beschichtet,mittel,,
900043,40,Vechta,Füchteler Wald,5841591,453594,01-01-1999,NABU Vechta,Holz unbeschichtet,Sonstiges,Baumläufer,
900044,39,Vechta,Füchteler Wald,5841573,453587,01-01-1999,NABU Vechta,Holz unbeschichtet,mittel,,
900045,38,Vechta,Füchteler Wald,5841552,453596,01-01-1999,NABU Vechta,Holz beschichtet,mittel,,
900046,37,Vechta,Füchteler Wald,5841519,453583,01-01-1999,NABU Vechta,Holz unbeschichtet,Halbhöhle,,
900047,35,Vechta,Füchteler Wald,5841504,453561,01-01-1999,NABU Vechta,Holz beschichtet,mittel,,
900048,34,Vechta,Füchteler Wald,5841492,453555,01-01-1999,NABU Vechta,Holz unbeschichtet,groß,,
900049,32,Vechta,Füchteler Wald,5841480,453559,01-01-1999,NABU Vechta,Holz unbeschichtet,groß,,
900050,33,Vechta,Füchteler Wald,5841478,453555,01-01-1999,NABU Vechta,Holz unbeschichtet,groß,,
900051,20,Vechta,Füchteler Wald,5841459,453536,01-01-1999,NABU Vechta,Holz beschichtet,Halbhöhle,,
900052,19,Vechta,Füchteler Wald,5841451,453525,01-01-1999,NABU Vechta,Holz beschichtet,Sonstiges,Baumläufer,
900053,18,Vechta,Füchteler Wald,5841399,453505,01-01-1999,NABU Vechta,Holz unbeschichtet,mittel,,
900054,17,Vechta,Füchteler Wald,5841375,453477,01-01-1999,NABU Vechta,Holz beschichtet,groß,,
900055,16,Vechta,Füchteler Wald,5841355,453482,01-01-1999,NABU Vechta,Holz unbeschichtet,mittel,,
900056,15,Vechta,Füchteler Wald,5841295,453468,01-01-1999,NABU Vechta,Holz beschichtet,mittel,,
900057,14,Vechta,Füchteler Wald,5841299,453419,01-01-1999,NABU Vechta,Holz beschichtet,Halbhöhle,,
900058,13,Vechta,Füchteler Wald,5841288,453441,01-01-1999,NABU Vechta,Holz unbeschichtet,mittel,,
900059,13,Vechta,Füchteler Wald,,,01-01-1999,NABU Vechta,Holz unbeschichtet,mittel,,
900060,11,Vechta,Füchteler Wald,,,01-01-1999,NABU Vechta,Holz unbeschichtet,groß,,
900061,,Vechta,Füchteler Wald,5841144,453532,01-01-1999,NABU Vechta,Holz beschichtet,klein,,
900062,8,Vechta,Füchteler Wald,5841143,453355,01-01-1999,NABU Vechta,Holz unbeschichtet,mittel,,
900063,9,Vechta,Füchteler Wald,5841111,453353,01-01-1999,NABU Vechta,Holz unbeschichtet,Halbhöhle,,
900064,6,Vechta,Füchteler Wald,,,01-01-1999,NABU Vechta,Holz unbeschichtet,Sonstiges,Baumläufer,
900065,7,Vechta,Füchteler Wald,5841116,453347,01-01-1999,NABU Vechta,Holz beschichtet,klein,,
900066,5,Vechta,Füchteler Wald,5841096,453297,01-01-1999,NABU Vechta,Holz unbeschichtet,sehr groß,,
900067,4,Vechta,Füchteler Wald,5841125,453323,01-01-1999,NABU Vechta,Holz beschichtet,mittel,,
900068,1,Vechta,Füchteler Wald,5841064,453278,01-01-1999,NABU Vechta,Holz beschichtet,mittel,,
900069,2,Vechta,Füchteler Wald,5841027,453291,01-01-1999,NABU Vechta,Holz unbeschichtet,mittel,oval - 2 Öffnungen,
900070,3,Vechta,Füchteler Wald,5841014,453301,01-01-1999,NABU Vechta,Holz unbeschichtet,mittel,,
900071,,Vechta,Füchteler Wald,5841012,453274,01-01-1999,NABU Vechta,Holz beschichtet,mittel,,
900072,,Vechta,Füchteler Wald,,,01-01-1999,NABU Vechta,Holz unbeschichtet,groß,nicht zu öffnen,
900073,,Vechta,Darener Wald,5842028,448636,01-01-1999,Kreisjägerschaft Vechta,Holzbeton,klein,,
900074,,Vechta,Darener Wald,5841976,448624,01-01-1999,NABU Vechta,Holz unbeschichtet,sehr groß,,
900075,,Vechta,Darener Wald,5841957,448625,01-01-1999,Kreisjägerschaft Vechta,Holzbeton,klein,,
900076,,Vechta,Darener Wald,,,01-01-1999,NABU Vechta,Holz beschichtet,mittel,,
900077,,Vechta,Darener Wald,,,01-01-1999,NABU Vechta,Holz beschichtet,mittel,,
900078,,Vechta,Darener Wald,5841897,448653,01-01-1999,NABU Vechta,Holz beschichtet,Halbhöhle,,
900079,,Vechta,Darener Wald,5841812,448735,01-01-1999,NABU Vechta,Holz beschichtet,mittel,,
900080,,Vechta,Darener Wald,5841825,448762,01-01-1999,unbekannt,Holzbeton,mittel,,
900081,27,Vechta,Darener Wald,5841826,448758,01-01-1999,NABU Vechta,Holz unbeschichtet,mittel,oval,
900082,26,Vechta,Darener Wald,5841814,448769,01-01-1999,NABU Vechta,Holz unbeschichtet,sehr groß,,
900083,,Vechta,Darener Wald,5841830,448803,01-01-1999,NABU Vechta,Holz unbeschichtet,mittel,,
900084,24,Vechta,Darener Wald,5841844,448795,01-01-1999,NABU Vechta,Holzbeton,mittel,,
900085,,Vechta,Darener Wald,5841834,448819,01-01-1999,NABU Vechta,Holz unbeschichtet,mittel,,
900086,22,Vechta,Darener Wald,5841864,448806,01-01-1999,NABU Vechta,Holz unbeschichtet,sehr groß,,
900087,,Vechta,Darener Wald,5841794,448754,01-01-1999,Kreisjägerschaft Vechta,Holzbeton,mittel,,
900088,,Vechta,Darener Wald,5841771,448782,01-01-1999,Kreisjägerschaft Vechta,Holzbeton,mittel,,
900089,,Vechta,Darener Wald,5841760,448749,01-01-1999,Kreisjägerschaft Vechta,Holzbeton,mittel,,
900090,,Vechta,Darener Wald,5841764,448685,01-01-1999,Kreisjägerschaft Vechta,Holzbeton,klein,,
900091,,Vechta,Darener Wald,5841762,448669,01-01-1999,Kreisjägerschaft Vechta,Holzbeton,mittel,,
900092,,Vechta,Darener Wald,5841751,448590,01-01-1999,Kreisjägerschaft Vechta,Holzbeton,klein,,
900093,,Vechta,Darener Wald,5841446,448278,01-01-1999,Kreisjägerschaft Vechta,Holzbeton,klein,,
900094,,Vechta,Darener Wald,5841467,448322,01-01-1999,Kreisjägerschaft Vechta,Holzbeton,mittel,,
900095,,Vechta,Darener Wald,,,01-01-1999,Kreisjägerschaft Vechta,Holzbeton,mittel,,
900096,,Vechta,Darener Wald,5841514,448437,01-01-1999,Kreisjägerschaft Vechta,Holzbeton,mittel,,
900097,,Vechta,Darener Wald,5841479,448466,01-01-1999,Kreisjägerschaft Vechta,Holzbeton,mittel,,
900098,,Vechta,Darener Wald,5841486,448560,01-01-1999,Kreisjägerschaft Vechta,Holzbeton,mittel,,
900099,,Vechta,Darener Wald,5841488,448584,01-01-1999,Kreisjägerschaft Vechta,Holzbeton,mittel,,
900100,,Vechta,Darener Wald,5841502,448640,01-01-1999,Kreisjägerschaft Vechta,Holzbeton,mittel,,
900101,,Vechta,Darener Wald,5841518,448655,01-01-1999,Kreisjägerschaft Vechta,Holzbeton,mittel,,
900102,,Vechta,Darener Wald,5841513,448702,01-01-1999,Kreisjägerschaft Vechta,Holzbeton,mittel,,
900103,,Vechta,Darener Wald,5841532,448734,01-01-1999,Kreisjägerschaft Vechta,Holzbeton,mittel,,
900104,,Vechta,Darener Wald,5841526,448774,01-01-1999,Kreisjägerschaft Vechta,Holzbeton,mittel,,
900105,,Vechta,Darener Wald,5841535,448794,01-01-1999,Kreisjägerschaft Vechta,Holzbeton,mittel,,
900106,,Vechta,Darener Wald,5841536,448814,01-01-1999,Kreisjägerschaft Vechta,Holzbeton,mittel,,
900107,,Vechta,Darener Wald,5841563,448846,01-01-1999,Kreisjägerschaft Vechta,Holzbeton,mittel,,
900108,,Vechta,Darener Wald,5841651,448761,01-01-1999,Kreisjägerschaft Vechta,Holzbeton,mittel,,
900109,,Holzhausen,Stegenweg,5844753,454707,01-01-1999,unbekannt,Holz beschichtet,Halbhöhle,,
900110,,Holzhausen,Stegenweg,5844770,454750,01-01-1999,unbekannt,Holz unbeschichtet,klein,,
900111,,Holzhausen,Stegenweg,5844793,454867,01-01-1999,unbekannt,Holz unbeschichtet,mittel,oval,
900112,,Holzhausen,Stegenweg,5844822,454904,01-01-1999,unbekannt,Holz unbeschichtet,mittel,,
900113,,Stoppelmarkt,Nerkamp,5844379,451919,01-01-1999,Ludger Nerkamp,Holz beschichtet,mittel,,
900114,,Stoppelmarkt,Nerkamp,5844218,451995,01-01-1999,Ludger Nerkamp,Holz unbeschichtet,mittel,,
900115,,Stoppelmarkt,Nerkamp,5844373,451918,01-01-1999,Ludger Nerkamp,Holz unbeschichtet,mittel,,
900116,,Stoppelmarkt,Nerkamp,5844383,451923,01-01-1999,Ludger Nerkamp,Holz beschichtet,mittel,,
900117,,Stoppelmarkt,Nerkamp,5844382,451921,01-01-1999,Ludger Nerkamp,Holz beschichtet,groß,Starenkasten,
900118,,Stoppelmarkt,Nerkamp,5844383,451909,01-01-1999,Ludger Nerkamp,Holz beschichtet,Halbhöhle,,
900119,,Stoppelmarkt,Nerkamp,5844382,451917,01-01-1999,Ludger Nerkamp,Holz unbeschichtet,Sonstiges,Baumläufer,
900120,,Stoppelmarkt,Nerkamp,5844375,451917,01-01-1999,Ludger Nerkamp,Holz beschichtet,klein,,
900121,,Stoppelmarkt,Nerkamp,5844368,451935,01-01-1999,Ludger Nerkamp,Holz unbeschichtet,klein,,
900122,,Stoppelmarkt,Nerkamp,5844363,451938,01-01-1999,Ludger Nerkamp,Holz unbeschichtet,klein,,
900123,,Stoppelmarkt,Nerkamp,5844213,451917,01-01-1999,Ludger Nerkamp,Holz beschichtet,Halbhöhle,,
900124,,Stoppelmarkt,Nerkamp,5844354,451916,01-01-1999,Ludger Nerkamp,Holz beschichtet,Halbhöhle,,
900125,,Stoppelmarkt,Nerkamp,5844355,451923,01-01-1999,Ludger Nerkamp,Holz beschichtet,mittel,,
900126,,Stoppelmarkt,Nerkamp,5844372,451923,01-01-1999,Ludger Nerkamp,Holz unbeschichtet,mittel,NABU-Villa,
900127,,Stoppelmarkt,Nerkamp,5844345,451940,01-01-1999,Ludger Nerkamp,Holz beschichtet,mittel,,
900128,,Stoppelmarkt,Nerkamp,5844357,451954,01-01-1999,Ludger Nerkamp,Holz unbeschichtet,mittel,,
900129,,Stoppelmarkt,Nerkamp,,,01-01-1999,Ludger Nerkamp,Holz beschichtet,klein,,
900130,,Stoppelmarkt,Nerkamp,5844363,451933,01-01-1999,Ludger Nerkamp,Holz beschichtet,groß,,
900131,,Stoppelmarkt,Nerkamp,5844367,451930,01-01-1999,Ludger Nerkamp,Holz beschichtet,groß,,
900132,,Stoppelmarkt,Nerkamp,5844367,451930,01-01-1999,Ludger Nerkamp,Holz unbeschichtet,groß,,
900133,,Stoppelmarkt,Nerkamp,5844368,451931,01-01-1999,Ludger Nerkamp,Holz beschichtet,groß,,
900134,11,Stoppelmarkt,Nerkamp,5844339,451939,01-01-1999,Ludger Nerkamp,Holz unbeschichtet,Sonstiges,Baumläufer,
900135,,Stoppelmarkt,Nerkamp,5844339,451934,01-01-1999,Ludger Nerkamp,Holz beschichtet,mittel,,
900136,,Stoppelmarkt,Nerkamp,5844355,451950,01-01-1999,Ludger Nerkamp,Holz unbeschichtet,klein,,
900137,,Stoppelmarkt,Nerkamp,5844362,451974,01-01-1999,Ludger Nerkamp,Holz beschichtet,groß,,
900138,41,Stoppelmarkt,Nerkamp,5844374,452010,01-01-1999,Ludger Nerkamp,Holz unbeschichtet,mittel,,
900139,,Stoppelmarkt,Nerkamp,5844380,452035,01-01-1999,Ludger Nerkamp,Holz beschichtet,mittel,,
900140,,Stoppelmarkt,Nerkamp,5844398,452029,01-01-1999,Ludger Nerkamp,Holz unbeschichtet,klein,,
900141,,Stoppelmarkt,Nerkamp,5844396,452012,01-01-1999,Ludger Nerkamp,Holz unbeschichtet,groß,,
900142,,Stoppelmarkt,Nerkamp,5844386,452008,01-01-1999,Ludger Nerkamp,Holz beschichtet,mittel,,
900143,,Stoppelmarkt,Nerkamp,5844415,451974,01-01-1999,Ludger Nerkamp,Holz unbeschichtet,groß,,
900144,,Stoppelmarkt,Nerkamp,5844415,451974,01-01-1999,Ludger Nerkamp,Holz beschichtet,groß,,
900145,,Stoppelmarkt,Nerkamp,5844410,451954,01-01-1999,Ludger Nerkamp,Holz unbeschichtet,mittel,,
900146,,Stoppelmarkt,Nerkamp,5844387,451987,01-01-1999,Ludger Nerkamp,Holz unbeschichtet,mittel,,
900147,,Stoppelmarkt,Nerkamp,5844387,451978,01-01-1999,Ludger Nerkamp,Holz beschichtet,Sonstiges,Baumläufer,
900148,,Stoppelmarkt,Nerkamp,5844392,451987,01-01-1999,Ludger Nerkamp,Holz unbeschichtet,mittel,zwei oval,
900149,,Stoppelmarkt,Nerkamp,5844384,451964,01-01-1999,Ludger Nerkamp,Holz unbeschichtet,mittel,,
900150,,Stoppelmarkt,Nerkamp,5844347,451961,01-01-1999,Ludger Nerkamp,Holz beschichtet,mittel,NABU-Villa,
900151,,Stoppelmarkt,Nerkamp,5844361,451983,01-01-1999,Ludger Nerkamp,Holz beschichtet,mittel,,
900152,,Stoppelmarkt,Nerkamp,5844368,451973,01-01-1999,Ludger Nerkamp,Holz beschichtet,mittel,,
900153,,Langförden,NABU-Fledermaushotel,5848187,449654,01-01-1999,NABU Vechta,Holz unbeschichtet,klein,,
900154,,Langförden,NABU-Fledermaushotel,5848177,449657,01-01-1999,NABU Vechta,Holz beschichtet,groß,,
900155,,Langförden,NABU-Fledermaushotel,5848176,449660,01-01-1999,NABU Vechta,Holz beschichtet,groß,,
900156,,Langförden,NABU-Fledermaushotel,5848178,449660,01-01-1999,NABU Vechta,Holz unbeschichtet,Halbhöhle,,
900157,,Langförden,NABU-Fledermaushotel,5848178,449660,01-01-1999,NABU Vechta,Holz beschichtet,groß,,
900158,,Langförden,NABU-Fledermaushotel,5848178,449656,01-01-1999,NABU Vechta,Holz unbeschichtet,klein,,
900159,,Holtrup,Cobold,5847534,453318,01-01-1999,Daniel Cobold,Holz unbeschichtet,mittel,,
900160,,Holtrup,Cobold,5847547,453308,30-06-2012,Daniel Cobold,Holz unbeschichtet,mittel,,
900161,,Holtrup,Cobold,5847549,453292,30-06-2012,Daniel Cobold,Holzbeton,mittel,oval,
900162,,Holtrup,Cobold,5847567,453288,30-06-2012,Daniel Cobold,Holzbeton,mittel,oval,
900163,,Holtrup,Cobold,5847571,453289,30-06-2012,Daniel Cobold,Holz unbeschichtet,Halbhöhle,,
900164,,Holtrup,Cobold,5847589,453290,30-06-2012,Daniel Cobold,Holzbeton,mittel,,
900165,,Holtrup,Cobold,5847599,453310,30-06-2012,Daniel Cobold,Holz beschichtet,mittel,,
900166,,Holtrup,Cobold,5847608,453345,30-06-2012,Daniel Cobold,Holzbeton,mittel,oval,
900167,,Holtrup,Cobold,5847605,453328,30-06-2012,Daniel Cobold,Holzbeton,mittel,oval,
900168,,Langförden-Nord,Rieken,5849783,450007,01-01-1999,Wilhelm Rieken,Holz unbeschichtet,mittel,,
900169,,Langförden-Nord,Rieken,5849762,450021,01-01-1999,Wilhelm Rieken,Holz beschichtet,groß,,
900170,,Langförden-Nord,Rieken,5849754,450025,01-01-1999,Wilhelm Rieken,Holz beschichtet,mittel,,
900171,,Langförden-Nord,Rieken,5849762,450025,01-01-1999,Wilhelm Rieken,Holz unbeschichtet,mittel,,
900172,,Langförden-Nord,Rieken,5849763,450019,01-01-1999,Wilhelm Rieken,Holz beschichtet,mittel,,
900173,,Langförden-Nord,Rieken,5849769,450031,01-01-2013,Wilhelm Rieken,Holzbeton,mittel,,
900174,,Langförden-Nord,Rieken,5849750,450036,01-01-2013,Wilhelm Rieken,Holz beschichtet,groß,,
900175,,Langförden-Nord,Rieken,5849761,450002,01-01-2013,Wilhelm Rieken,Holz beschichtet,mittel,,
900176,,Langförden-Nord,Rieken,5849777,449998,01-01-2013,Wilhelm Rieken,Holz beschichtet,mittel,,
900177,,Stoppelmarkt,Nerkamp,5844368,451948,01-01-1999,Ludger Nerkamp,Holz unbeschichtet,mittel,,
900178,,Stoppelmarkt,Nerkamp,5844362,451948,01-01-1999,Ludger Nerkamp,Holz beschichtet,mittel,,
900179,,Stoppelmarkt,Nerkamp,5844362,451922,01-01-1999,Ludger Nerkamp,Holz beschichtet,mittel,,
900180,,Stoppelmarkt,Nerkamp,5844377,451912,01-01-2013,Ludger Nerkamp,Holzbeton,mittel,oval,
900181,,Stoppelmarkt,Nerkamp,5844365,451937,01-01-2013,Ludger Nerkamp,Holzbeton,mittel,oval,
900182,,Stoppelmarkt,Nerkamp,5844366,451927,01-01-2013,Ludger Nerkamp,Holzbeton,mittel,oval,
900183,,Stoppelmarkt,Nerkamp,5844375,451910,01-01-2013,Ludger Nerkamp,Holzbeton,mittel,oval,
900184,,Stoppelmarkt,Nerkamp,,,01-01-1999,Ludger Nerkamp,Holz beschichtet,mittel,,
900185,,Stoppelmarkt,Nerkamp,5844371,451939,01-01-2013,Ludger Nerkamp,Holz beschichtet,groß,,
900186,,Stoppelmarkt,Nerkamp,,,01-01-2013,Ludger Nerkamp,Holz beschichtet,Halbhöhle,,
900187,,Stoppelmarkt,Nerkamp,5844379,451915,01-01-1999,Ludger Nerkamp,Holz beschichtet,mittel,,
900188,,Stoppelmarkt,Nerkamp,5844380,451935,01-01-2013,Ludger Nerkamp,Holz unbeschichtet,mittel,3er Spatzenhaus,
900189,,Stoppelmarkt,Nerkamp,5844380,451935,01-01-2013,Ludger Nerkamp,Holz unbeschichtet,mittel,3er Spatzenhaus,
900190,,Stoppelmarkt,Nerkamp,5844366,451912,01-01-1999,Ludger Nerkamp,Holz beschichtet,klein,,
900191,,Stoppelmarkt,Nerkamp,5844388,451967,01-01-2013,Ludger Nerkamp,Holz unbeschichtet,groß,,
900192,,Stoppelmarkt,Nerkamp,5844356,451974,01-01-2013,Ludger Nerkamp,Holz unbeschichtet,groß,,
900193,,Stoppelmarkt,Nerkamp,5844414,451986,01-01-1999,Ludger Nerkamp,Holz unbeschichtet,mittel,,
900194,,Stoppelmarkt,Nerkamp,5844419,451952,01-01-1999,Ludger Nerkamp,Holz unbeschichtet,mittel,,
900195,,Stoppelmarkt,Nerkamp,5844418,451954,01-01-1999,Ludger Nerkamp,Holz beschichtet,mittel,,
900196,,Stoppelmarkt,Nerkamp,5844405,451947,01-01-1999,Ludger Nerkamp,Holz beschichtet,mittel,,
900197,,Bergstrup,NABU-Biotop Streuobstwiese,5845488,452410,01-01-1999,NABU Vechta,Holz unbeschichtet,mittel,,
900198,,Bergstrup,NABU-Biotop Streuobstwiese,5845481,452399,01-01-1999,NABU Vechta,Holz unbeschichtet,mittel,,
900199,,Bergstrup,NABU-Biotop Streuobstwiese,5845453,452437,01-01-1999,NABU Vechta,Holz unbeschichtet,mittel,,
900200,,Bergstrup,NABU-Biotop Streuobstwiese,5845445,452430,01-01-1999,NABU Vechta,Holz beschichtet,Sonstiges,Steinkauzröhre,
900201,,Stoppelmarkt,Hof to Aite,5844358,453014,01-01-1999,unbekannt,Holz unbeschichtet,klein,,
900202,,Stoppelmarkt,Hof to Aite,5844364,453045,01-01-1999,unbekannt,Holz unbeschichtet,groß,,
900203,,Stoppelmarkt,Hof to Aite,5844340,453017,01-01-1999,unbekannt,Holz unbeschichtet,mittel,,
900204,,Stoppelmarkt,Hof to Aite,5844342,453019,01-01-1999,unbekannt,Holz unbeschichtet,groß,,
900205,,Stoppelmarkt,Hof to Aite,5844329,453023,01-01-1999,unbekannt,Holz unbeschichtet,klein,,
900206,,Stoppelmarkt,Hof to Aite,5844331,453016,01-01-1999,unbekannt,Holz unbeschichtet,groß,,
900207,,Holzhausen,Wilmering,5844607,454505,01-01-1999,Ursula Wilmering,Holz unbeschichtet,klein,Naturstamm,
900208,,Vechta,Kolleg St. Thomas,5842293,452734,23-05-2013,Kolleg St. Thomas,Holz beschichtet,klein,,
900209,,Vechta,Kolleg St. Thomas,5842322,452727,23-05-2013,Kolleg St. Thomas,Holz beschichtet,klein,,
900210,,Vechta,Kolleg St. Thomas,5842286,452793,23-05-2013,Kolleg St. Thomas,Holzbeton,mittel,oval,
900211,,Vechta,Kolleg St. Thomas,5842276,452822,23-05-2013,Kolleg St. Thomas,Holz beschichtet,klein,,
900212,,Vechta,Kolleg St. Thomas,5841960,452884,23-05-2013,Kolleg St. Thomas,Holz beschichtet,klein,,
900213,,Vechta,Kolleg St. Thomas,5842254,452907,23-05-2013,Kolleg St. Thomas,Holzbeton,mittel,oval,
900214,,Vechta,Kolleg St. Thomas,5841203,453354,01-01-2013,NABU Vechta,Holz beschichtet,mittel,,
900215,,Vechta,Darener Wald,5841546,448855,01-01-1999,Kreisjägerschaft Vechta,Holzbeton,mittel,,
900216,,Vechta,Oyther Straße,5843193,452817,31-12-2013,Beringergemeinschaft Landkreis Vechta,Holzbeton,Sonstiges,Baumläufer,
900217,,Vechta,Oyther Straße,5843194,452821,31-12-2013,Beringergemeinschaft Landkreis Vechta,Holzbeton,Sonstiges,Baumläufer,
900218,,Vechta,Landkreisgebäude,5842808,452419,22-12-2013,Beringergemeinschaft Landkreis Vechta,Holzbeton,Sonstiges,Baumläufer,
900219,,Vechta,Landkreisgebäude,5842736,452382,31-12-2013,Beringergemeinschaft Landkreis Vechta,Holzbeton,groß,,
900220,,Vechta,Landkreisgebäude,5842806,452373,31-12-2013,Beringergemeinschaft Landkreis Vechta,Holzbeton,groß,,
900221,,Vechta,Landkreisgebäude,5842831,452451,22-12-2013,Beringergemeinschaft Landkreis Vechta,Holzbeton,groß,,
900222,,Vechta,Landkreisgebäude,5842838,452408,04-12-2013,Beringergemeinschaft Landkreis Vechta,Holzbeton,groß,,
900223,,Vechta,Landkreisgebäude,5842821,452423,22-12-2013,Beringergemeinschaft Landkreis Vechta,Holzbeton,mittel,oval,
900224,,Vechta,Landkreisgebäude,5842794,452459,22-12-2013,Beringergemeinschaft Landkreis Vechta,Holzbeton,mittel,oval,
900225,,Vechta,Landkreisgebäude,5842731,452437,31-12-2013,Beringergemeinschaft Landkreis Vechta,Holzbeton,mittel,oval,
900226,,Vechta,Landkreisgebäude,5842830,452376,22-12-2013,Beringergemeinschaft Landkreis Vechta,Holzbeton,mittel,,
900227,,Vechta,Landkreisgebäude,5842753,452442,22-12-2013,Beringergemeinschaft Landkreis Vechta,Holzbeton,mittel,,
900228,,Vechta,Landkreisgebäude,5842756,452474,22-12-2013,Beringergemeinschaft Landkreis Vechta,Holzbeton,mittel,,
900229,,Vechta,Landkreisgebäude,5842736,452466,22-12-2013,Beringergemeinschaft Landkreis Vechta,Holzbeton,mittel,,
900230,,Vechta,Landkreisgebäude,5842798,452425,22-12-2013,Beringergemeinschaft Landkreis Vechta,Holzbeton,mittel,,
900231,,Vechta,Landkreisgebäude,5842782,452459,22-12-2013,Beringergemeinschaft Landkreis Vechta,Holzbeton,mittel,,
900232,,Vechta,Landkreisgebäude,5842745,452402,31-12-2013,Beringergemeinschaft Landkreis Vechta,Holzbeton,mittel,,
900233,,Vechta,Landkreisgebäude,5842778,452324,31-12-2013,Beringergemeinschaft Landkreis Vechta,Holzbeton,mittel,,
900234,,Vechta,Landkreisgebäude,5842867,452423,22-12-2013,Beringergemeinschaft Landkreis Vechta,Holzbeton,klein,,
900235,,Vechta,Landkreisgebäude,5842806,452410,22-12-2013,Beringergemeinschaft Landkreis Vechta,Holzbeton,klein,,
900236,,Vechta,Landkreisgebäude,5842855,452307,31-12-2013,Beringergemeinschaft Landkreis Vechta,Holzbeton,klein,,
900237,,Vechta,Landkreisgebäude,5842843,452422,22-12-2013,Beringergemeinschaft Landkreis Vechta,Holzbeton,klein,,
900238,,Vechta,Landkreisgebäude,5842860,452450,22-12-2013,Beringergemeinschaft Landkreis Vechta,Holzbeton,klein,,
900239,,Vechta,Landkreisgebäude,5842825,451667,31-12-2013,Beringergemeinschaft Landkreis Vechta,Holzbeton,klein,,
900240,,Vechta,Landkreisgebäude,5842748,452320,31-12-2013,Beringergemeinschaft Landkreis Vechta,Holzbeton,klein,,
900241,,Vechta,Landkreisgebäude,5842811,452451,22-12-2013,Beringergemeinschaft Landkreis Vechta,Holzbeton,klein,,
900242,,Vechta,Landkreisgebäude,5842730,452393,31-12-2013,Beringergemeinschaft Landkreis Vechta,Holzbeton,klein,,
900243,,Vechta,Gymnasium Antonianum,,,,Beringergemeinschaft LK Vechta,Holzbeton,mittel,,
900244,,Vechta,Gymnasium Antonianum,,,,Beringergemeinschaft LK Vechta,Holzbeton,mittel,,
900245,,Vechta,Gymnasium Antonianum,,,,Beringergemeinschaft LK Vechta,Holzbeton,klein,,
900246,,Vechta,Gymnasium Antonianum,,,,Beringergemeinschaft LK Vechta,Holzbeton,klein,,
900247,,Vechta,Gymnasium Antonianum,,,,Beringergemeinschaft LK Vechta,Holzbeton,klein,,
900248,,Vechta,Gymnasium Antonianum,,,,Beringergemeinschaft LK Vechta,Holzbeton,mittel,oval,
900249,,Vechta,Gymnasium Antonianum,,,,Beringergemeinschaft LK Vechta,Holzbeton,mittel,oval,
900250,,Vechta,Gymnasium Antonianum,,,,Beringergemeinschaft LK Vechta,Holzbeton,groß,,
900251,,Vechta,Gymnasium Antonianum,,,,Beringergemeinschaft LK Vechta,Holzbeton,groß,,
900252,,Vechta,Gymnasium Antonianum,,,,Beringergemeinschaft LK Vechta,Holzbeton,Halbhöhle,,
900253,,,,,,,Beringergemeinschaft LK Vechta,Holzbeton,mittel,Andreas Pieper,17-04-2017
900254,,,,,,,Beringergemeinschaft LK Vechta,Holzbeton,mittel,Andreas Pieper,17-04-2017
900255,,,,,,,Beringergemeinschaft LK Vechta,Holzbeton,klein,Andreas Pieper,17-04-2017
900256,,,,,,,Beringergemeinschaft LK Vechta,Holzbeton,klein,Andreas Pieper,17-04-2017
900257,,,,,,,Beringergemeinschaft LK Vechta,Holzbeton,klein,Markus Böggemann,17-04-2017
900258,,,,,,,Beringergemeinschaft LK Vechta,Holzbeton,mittel,oval; Markus Böggemann,17-04-2017
900259,,,,,,,Beringergemeinschaft LK Vechta,Holzbeton,mittel,"oval, Andreas Pieper",17-04-2017
900260,,,,,,,Beringergemeinschaft LK Vechta,Holzbeton,groß,Andreas Pieper,17-04-2017
900261,,,,,,,Beringergemeinschaft LK Vechta,Holzbeton,groß,Andreas Pieper,17-04-2017
900262,,,,,,,Beringergemeinschaft LK Vechta,Holzbeton,Halbhöhle,Andreas Pieper,17-04-2017
900263,,Vechta,Ludgerusschule,5843543,452324,01-04-2014,Beringergemeinschaft LK Vechta,Holzbeton,mittel,,
900264,,,,,,,Beringergemeinschaft LK Vechta,Holzbeton,mittel,,
900265,,Vechta,"EK-Schule, Grafenhorststraße 19",,,01-01-2014,Beringergemeinschaft LK Vechta,Holzbeton,klein,,
900266,,Vechta,"EK-Schule, Grafenhorststraße 19",,,01-01-2014,Beringergemeinschaft LK Vechta,Holzbeton,klein,,
900267,,,,,,,Beringergemeinschaft LK Vechta,Holzbeton,klein,,
900268,,Vechta,"EK-Schule, Grafenhorststraße 19",,,01-01-2014,Beringergemeinschaft LK Vechta,Holzbeton,mittel,oval,
900269,, ,,,,,Beringergemeinschaft LK Vechta,Holzbeton,mittel,oval,
900270,,,,,,,Beringergemeinschaft LK Vechta,Holzbeton,groß,,
900271,,,,,,,Beringergemeinschaft LK Vechta,Holzbeton,groß,,
900272,,Vechta,"EK-Schule, Grafenhorststraße 19",,,01-01-2014,Beringergemeinschaft LK Vechta,Holzbeton,Halbhöhle,,
900273,,,,,,,Beringergemeinschaft LK Vechta,Holzbeton,mittel,,
900274,,Vechta,"EK-Schule, Grafenhorststraße 19",,,01-01-2014,Beringergemeinschaft LK Vechta,Holzbeton,mittel,,
900275,,Vechta,"EK-Schule, Grafenhorststraße 19",,,01-01-2014,Beringergemeinschaft LK Vechta,Holzbeton,klein,,
900276,,Vechta,"EK-Schule, Grafenhorststraße 19",,,01-01-2014,Beringergemeinschaft LK Vechta,Holzbeton,klein,,
900277,,Vechta,"EK-Schule, Grafenhorststraße 19",,,01-01-2014,Beringergemeinschaft LK Vechta,Holzbeton,klein,,
900278,,Vechta,Ludgerusschule,5843455,452249,01-04-2014,Beringergemeinschaft LK Vechta,Holzbeton,mittel,oval,
900279,,Vechta,Ludgerusschule,5843652,452209,01-04-2014,Beringergemeinschaft LK Vechta,Holzbeton,mittel,oval,
900280,,Vechta,Ludgerusschule,5843497,452267,01-04-2014,Beringergemeinschaft LK Vechta,Holzbeton,groß,,
900281,,,,,,,Beringergemeinschaft LK Vechta,Holzbeton,groß,,
900282,,,,,,,Beringergemeinschaft LK Vechta,Holzbeton,Halbhöhle,,
900283,,,,,,,Beringergemeinschaft LK Vechta,Holzbeton,mittel,,
900284,,,,,,,Beringergemeinschaft LK Vechta,Holzbeton,mittel,,
900285,,Vechta,"EK-Schule, Grafenhorststraße 19",,,01-01-2014,Beringergemeinschaft LK Vechta,Holzbeton,klein,,
900286,,Vechta,Ludgerusschule,5843509,452242,01-04-2014,Beringergemeinschaft LK Vechta,Holzbeton,klein,,
900287,,,,,,,Beringergemeinschaft LK Vechta,Holzbeton,klein,,
900288,,Vechta,"EK-Schule, Grafenhorststraße 19",,,01-01-2014,Beringergemeinschaft LK Vechta,Holzbeton,mittel,oval,
900289,,,,,,,Beringergemeinschaft LK Vechta,Holzbeton,mittel,oval,
900290,,Vechta,Ludgerusschule,5843611,452209,01-04-2014,Beringergemeinschaft LK Vechta,Holzbeton,groß,,
900291,,,,,,,Beringergemeinschaft LK Vechta,Holzbeton,groß,,
900292,,,,,,,Beringergemeinschaft LK Vechta,Holzbeton,Halbhöhle,,
900293,,Vechta,Füchteler Wald,5841529,453587,01-01-1999,NABU Vechta,Holz unbeschichtet,mittel,,
900294,,Stoppelmarkt,Nerkamp,,,01-01-1999,Ludger Nerkamp,Holz unbeschichtet,mittel,,
900295,,Stoppelmarkt,Nerkamp,,,01-01-2014,Ludger Nerkamp,Holz unbeschichtet,mittel,,
900296,,Stoppelmarkt,Nerkamp,,,01-01-2014,Ludger Nerkamp,Holz beschichtet,mittel,Dreiloch,
900297,,Stoppelmarkt,Nerkamp,,,01-01-1999,Ludger Nerkamp,Holz beschichtet,mittel,,
900298,,Vechta,Landkreis Vechta,5842761,452480,01-01-2015,unbekannt,Holz unbeschichtet,mittel,Haus Gabriel,
900299,,Oythe,Thesings Kreuz,5844545,453748,01-01-1999,unbekannt,Holz unbeschichtet,mittel,,
900300,,Oythe,Thesings Kreuz,5844534,453739,01-01-1999,unbekannt,Holz beschichtet,groß,,
900301,,Stoppelmarkt,Nerkamp,5844374,451913,01-01-2015,Ludger Nerkamp,Holz unbeschichtet,mittel,,
900302,,Vechta,Füchteler Wald,5841446,453534,01-01-2015,NABU Vechta,Holz beschichtet,mittel,,
900303,,Vechta,Füchteler Wald,5841523,453581,01-01-2015,NABU Vechta,Holz beschichtet,mittel,,
900304,,Vechta,Füchteler Wald,5841677,453616,01-01-2015,NABU Vechta,Holz beschichtet,mittel,,
900305,,Vechta,Füchteler Wald,5841707,453636,01-01-2015,NABU Vechta,Holz unbeschichtet,mittel,,
900306,,Vechta,Füchteler Wald,5841738,453562,01-01-2015,NABU Vechta,Holz unbeschichtet,mittel,,
900307,,Vechta,Darener Wald,5841932,448790,01-01-1999,unbekannt,Holz unbeschichtet,Halbhöhle,,
900308,,Vechta,Darener Wald,5841513,448510,01-01-2015,unbekannt,Holz unbeschichtet,sehr groß,,
900309,,Vechta,Darener Wald,5841415,448297,01-01-2015,unbekannt,Holz unbeschichtet,mittel,,
900310,,Vechta,Darener Wald,5841395,448339,01-01-2015,unbekannt,Holz unbeschichtet,Halbhöhle,,
900311,,Vechta,Darener Wald,5841438,448324,01-01-2015,unbekannt,Holz unbeschichtet,Sonstiges,Baumläufer,
900312,,Vechta,Darener Wald,5841511,448427,01-01-2015,unbekannt,Holz unbeschichtet,mittel,,
900313,,Vechta,Darener Wald,5841417,448209,01-01-2015,unbekannt,Holz unbeschichtet,mittel,,
900314,,Vechta,Darener Wald,5841399,448159,01-01-2015,unbekannt,Holz unbeschichtet,mittel,,
900315,,Vechta,Gramann/Vor dem Moore,5838484,452865,23-03-2017,NABU Lohne,HolzbetonLudgeruswerk,klein,,26-03-2017
900316,,Vechta,Gramann/Vor dem Moore,5838463,452799,23-03-2017,NABU Lohne,HolzbetonLudgeruswerk,mittel,,26-03-2017
900317,,Vechta,Gramann/Vor dem Moore,5838488,452862,23-03-2017,NABU Lohne,HolzbetonLudgeruswerk,mittel,,26-03-2017
900318,,Vechta,Gramann/Vor dem Moore,5838464,452804,23-03-2017,NABU Lohne,HolzbetonLudgeruswerk,groß,,26-03-2017
900319,,Vechta,Gramann/Vor dem Moore,5838214,453083,23-03-2017,NABU Lohne,HolzbetonLudgeruswerk,groß,Storchenmast,26-03-2017
900320,,Vechta,Gramann/Vor dem Moore,5838214,453083,23-03-2017,NABU Lohne,HolzbetonLudgeruswerk,groß,Storchenmast,26-03-2017
900321,,Vechta,Gramann/Vor dem Moore,5838214,453083,23-03-2017,NABU Lohne,HolzbetonLudgeruswerk,groß,Storchenmast,26-03-2017
900322,,Vechta,Gramann/Vor dem Moore,5838514,452873,23-03-2017,NABU Lohne,HolzbetonLudgeruswerk,groß,,26-03-2017
900323,,Vechta,Gramann/Vor dem Moore,5838506,452900,23-03-2017,NABU Lohne,HolzbetonLudgeruswerk,groß,,26-03-2017
900324,,Vechta,Gramann/Vor dem Moore,5838485,452880,23-03-2017,NABU Lohne,HolzbetonLudgeruswerk,mittel,,26-03-2017
900325,,Vechta,Gramann/Vor dem Moore,5838493,452855,23-03-2017,NABU Lohne,Holzbeton,Sonstiges,Baumläufer,26-03-2017
900326,,Vechta,Gramann/Vor dem Moore,5838464,452800,23-03-2017,NABU Lohne,Holzbeton,Sonstiges,Baumläufer,26-03-2017
900327,,Vechta,Darener Wald,5841777,448504,01-01-1999,unbekannt,Holz unbeschichtet,mittel,oval,17-08-2017
900328,,Vechta,Darener Wald,5841761,448533,01-01-1999,unbekannt,Holz unbeschichtet,Sonstiges,Baumläufer,17-08-2017
900329,,Langförden,Holunderfläche,5849160,448355,06-01-2018,Beringergemeinschaft Landkreis Vechta,Holzbeton,sehr groß,Waldkauz,14-02-2018
900330,,Langförden,Holunderfläche,5848695,448302,06-01-2018,Beringergemeinschaft Landkreis Vechta,Holzbeton,mittel,Kleibertonne,14-02-2018
900331,,Langförden,Holunderfläche,5848976,448482,06-01-2018,Beringergemeinschaft Landkreis Vechta,Holzbeton,mittel,Kleibertonne,14-02-2018
900332,,Langförden,Holunderfläche,5849189,448327,06-01-2018,Beringergemeinschaft Landkreis Vechta,Holzbeton,mittel,Kleibertonne,14-02-2018
900333,,Langförden,Holunderfläche,5848696,448295,06-01-2018,Beringergemeinschaft Landkreis Vechta,Holzbeton,groß,,14-02-2018
900334,,Langförden,Holunderfläche,5849095,448414,06-01-2018,Beringergemeinschaft Landkreis Vechta,Holzbeton,groß,,14-02-2018
900335,,Langförden,Holunderfläche,5848947,448528,06-01-2018,Beringergemeinschaft Landkreis Vechta,Holzbeton,Halbhöhle,,14-02-2018
900336,,Langförden,Holunderfläche,5848756,448322,06-01-2018,Beringergemeinschaft Landkreis Vechta,Holzbeton,Halbhöhle,,14-02-2018
900337,,Langförden,Holunderfläche,5848955,448462,06-01-2018,Beringergemeinschaft Landkreis Vechta,Holzbeton,Halbhöhle,,14-02-2018
900338,,Langförden,Holunderfläche,5848730,448312,06-01-2018,Beringergemeinschaft Landkreis Vechta,Holzbeton,Sonstiges,Baumläufer,14-02-2018
900339,,Langförden,Holunderfläche,5848973,448502,06-01-2018,Beringergemeinschaft Landkreis Vechta,Holzbeton,Sonstiges,Baumläufer,14-02-2018
900340,,Langförden,Holunderfläche,5849120,448389,06-01-2018,Beringergemeinschaft Landkreis Vechta,Holzbeton,Sonstiges,Baumläufer,14-02-2018
900341,,Langförden,Holunderfläche,5849110,448401,06-01-2018,Beringergemeinschaft Landkreis Vechta,Holzbeton,klein,,14-02-2018
900342,,Langförden,Holunderfläche,5849018,448480,06-01-2018,Beringergemeinschaft Landkreis Vechta,Holzbeton,mittel,oval,14-02-2018
900343,,Langförden,Holunderfläche,5849001,448491,06-01-2018,Beringergemeinschaft Landkreis Vechta,Holzbeton,mittel,,14-02-2018
900344,,Langförden,Holunderfläche,5848982,448472,06-01-2018,Beringergemeinschaft Landkreis Vechta,Holzbeton,mittel,,14-02-2018
900345,,Vechta,Darener Wald,5841990,448630,01-01-1999,von Frydag,Holz unbeschichtet,mittel,,22-12-2018
900346,,Vechta,Darener Wald,5841420,448247,01-01-1999,Kreisjägerschaft Vechta,Holzbeton,mittel,,22-12-2018
900347,,Vechta,Darener Wald,5841515,448070,01-01-1999,von Frydag,Holz unbeschichtet,mittel,,22-12-2018
900348,,Vechta,Darener Wald,5841515,448670,01-01-1999,von Frydag,Holz unbeschichtet,mittel,,22-12-2018
900349,,Vechta,Darener Wald,5842068,448731,01-01-1999,von Frydag,Holz unbeschichtet,mittel,,22-12-2018
900350,,Vechta,Darener Wald,5842090,448768,01-01-1999,von Frydag,Holz unbeschichtet,mittel,,22-12-2018
900351,,Vechta,Darener Wald,5842119,448867,01-01-1999,von Frydag,Holz unbeschichtet,mittel,,22-12-2018
900352,,Vechta,Darener Wald,5842110,448933,01-01-1999,von Frydag,Holz unbeschichtet,mittel,,22-12-2018
900353,,Vechta,Darener Wald,5842105,448935,01-01-1999,von Frydag,Holz unbeschichtet,mittel,,22-12-2018
900354,,Vechta,Darener Wald,5842060,449129,01-01-1999,von Frydag,Holz unbeschichtet,mittel,,22-12-2018
900355,,Vechta,Darener Wald,5842044,449215,01-01-1999,von Frydag,Holz unbeschichtet,groß,,22-12-2018
900356,,Vechta,Darener Wald,5842026,449243,01-01-1999,von Frydag,Holz unbeschichtet,mittel,,22-12-2018
900357,,Vechta,Darener Wald,5841975,449274,01-01-1999,von Frydag,Holz unbeschichtet,mittel,,22-12-2018
900358,,Vechta,Darener Wald,5841924,449281,01-01-1999,von Frydag,Holz unbeschichtet,groß,,22-12-2018
900359,,Vechta,Darener Wald,5841839,449302,01-01-1999,von Frydag,Holz unbeschichtet,mittel,,22-12-2018
900360,,Vechta,Darener Wald,5841802,449299,01-01-1999,von Frydag,Holz unbeschichtet,mittel,,22-12-2018
900361,,Vechta,Darener Wald,5841744,449308,01-01-1999,von Frydag,Holz unbeschichtet,mittel,,22-12-2018
900362,,Vechta,Darener Wald,5841713,449312,01-01-1999,von Frydag,Holz unbeschichtet,groß,,22-12-2018
900363,,Vechta,Darener Wald,5841663,449319,01-01-1999,von Frydag,Holz unbeschichtet,groß,,22-12-2018
900364,,Vechta,Darener Wald,5841823,449074,01-01-1999,von Frydag,Holz unbeschichtet,groß,,22-12-2018
900365,,Vechta,Darener Wald,5841796,449966,01-01-1999,von Frydag,Holz unbeschichtet,mittel,,22-12-2018
900366,,Vechta,Darener Wald,5841855,449065,01-01-1999,von Frydag,Holz unbeschichtet,mittel,,22-12-2018
900367,,Vechta,Darener Wald,5841875,449251,01-01-1999,von Frydag,Holz unbeschichtet,mittel,,22-12-2018
900368,,Vechta,Ludger Ellert,5842908,452706,01-01-1999,Ludger Ellert,Holz unbeschichtet,mittel,,07-05-2019
900369,,Vechta,Darener Wald,5845433,455384,01-01-1999,unbekannt,Holz unbeschichtet,mittel,,07-05-2019
900370,,Vechta,Darener Wald,5842081,448828,01-01-1999,unbekannt,Holz unbeschichtet,Halbhöhle,,07-05-2019
900371,,,,,,,,,,,
900372,,,,,,,,,,,
900373,,,,,,,,,,,
900374,,,,,,,,,,,
900375,,,,,,,,,,,
900376,,,,,,,,,,,
900377,,,,,,,,,,,
900378,,,,,,,,,,,
900379,,,,,,,,,,,
900380,,,,,,,,,,,
900381,,,,,,,,,,,
900382,,,,,,,,,,,
900383,,,,,,,,,,,
900384,,,,,,,,,,,
900385,,,,,,,,,,,
900386,,,,,,,,,,,
900387,,,,,,,,,,,
900388,,,,,,,,,,,
900389,,,,,,,,,,,
900390,,,,,,,,,,,
900391,,,,,,,,,,,
900392,,,,,,,,,,,
900393,,,,,,,,,,,
900394,,,,,,,,,,,
900395,,,,,,,,,,,
900396,,,,,,,,,,,
900397,,,,,,,,,,,
900398,,,,,,,,,,,
900399,,,,,,,,,,,
900400,,,,,,,,,,,
